stroke,age,avg_glucose_level,bmi
False,41.760451063829784,104.00373617021276,28.823063829787234
True,67.71291866028709,134.5713875598086,30.471291866028707
